<?xml version="1.0" encoding="UTF-8"?>
<component-metadata content-type="text/plain" xmlns="http://www.knime.org/core/node/workflow/metadata/v1.0">
    <last-modified>2024-10-25T00:27:39.342+01:00</last-modified>
    <description/>
    <in-ports>
        <port name="Port 1"/>
        <port name="Port 2"/>
        <port name="Port 3"/>
        <port name="Port 4"/>
        <port name="Port 5"/>
        <port name="Port 6"/>
    </in-ports>
    <out-ports>
        <port name="Port 1"/>
    </out-ports>
</component-metadata>