{
  "tondrhn" : {
    "row" : [ {
      "@CP" : "0.8",
      "@CS" : "Boa",
      "@CT" : "400.0",
      "@DC" : "2024-12-10",
      "@DP" : "2024-10-01",
      "@LE" : "299.99999999999994",
      "@LR" : "-100.00000000000006",
      "@PE" : "1.4",
      "@PM" : "Ensolarado",
      "@QP" : "500",
      "@SC" : "Planejada",
      "@TC" : "Tomate"
    }, {
      "@CP" : "0.75",
      "@CS" : "Regular",
      "@CT" : "450.0",
      "@DC" : "2024-12-12",
      "@DP" : "2024-10-02",
      "@LE" : "360.00000000000006",
      "@LR" : "-89.99999999999994",
      "@PE" : "1.35",
      "@PM" : "Parcialmente Nublado",
      "@QP" : "600",
      "@SC" : "Planejada",
      "@TC" : "Tomate"
    }, {
      "@CP" : "0.7",
      "@CS" : "Boa",
      "@CT" : "385.0",
      "@DC" : "2024-12-13",
      "@DP" : "2024-10-03",
      "@LE" : "330.00000000000006",
      "@LR" : "-54.99999999999994",
      "@PE" : "1.3",
      "@PM" : "Ensolarado",
      "@QP" : "550",
      "@SC" : "Planejada",
      "@TC" : "Tomate"
    }, {
      "@CP" : "0.5",
      "@CS" : "Excelente",
      "@CT" : "150.0",
      "@DC" : "2024-12-14",
      "@DP" : "2024-10-04",
      "@LE" : "210.0",
      "@LR" : "60.0",
      "@PE" : "1.2",
      "@PM" : "Ensolarado",
      "@QP" : "300",
      "@SC" : "Planejada",
      "@TC" : "Cenoura"
    }, {
      "@CP" : "0.6",
      "@CS" : "Ma",
      "@CT" : "240.0",
      "@DC" : "2024-12-15",
      "@DP" : "2024-10-05",
      "@LE" : "160.0",
      "@LR" : "-80.0",
      "@PE" : "1.0",
      "@PM" : "Ensolarado",
      "@QP" : "400",
      "@SC" : "Planejada",
      "@TC" : "Alface"
    }, {
      "@CP" : "0.65",
      "@CS" : "Boa",
      "@CT" : "455.0",
      "@DC" : "2024-12-17",
      "@DP" : "2024-10-07",
      "@LE" : "175.0",
      "@LR" : "-280.0",
      "@PE" : "0.9",
      "@PM" : "Chuvoso",
      "@QP" : "700",
      "@SC" : "Planejada",
      "@TC" : "Batata"
    }, {
      "@CP" : "0.55",
      "@CS" : "Boa",
      "@CT" : "440.00000000000006",
      "@DC" : "2024-12-19",
      "@DP" : "2024-10-09",
      "@LE" : "440.00000000000006",
      "@LR" : "0.0",
      "@PE" : "1.1",
      "@PM" : "Ensolarado",
      "@QP" : "800",
      "@SC" : "Planejada",
      "@TC" : "Milho"
    }, {
      "@CP" : "0.6",
      "@CS" : "Ma",
      "@CT" : "390.0",
      "@DC" : "2024-12-22",
      "@DP" : "2024-10-12",
      "@LE" : "162.5",
      "@LR" : "-227.5",
      "@PE" : "0.85",
      "@PM" : "Parcialmente Nublado",
      "@QP" : "650",
      "@SC" : "Planejada",
      "@TC" : "Batata"
    }, {
      "@CP" : "0.8",
      "@CS" : "Excelente",
      "@CT" : "440.0",
      "@DC" : "2024-12-24",
      "@DP" : "2024-10-14",
      "@LE" : "494.99999999999994",
      "@LR" : "54.99999999999994",
      "@PE" : "1.7",
      "@PM" : "Ensolarado",
      "@QP" : "550",
      "@SC" : "Planejada",
      "@TC" : "Tomate"
    }, {
      "@CP" : "0.55",
      "@CS" : "Ma",
      "@CT" : "165.0",
      "@DC" : "2024-12-25",
      "@DP" : "2024-10-15",
      "@LE" : "210.0",
      "@LR" : "45.0",
      "@PE" : "1.25",
      "@PM" : "Ensolarado",
      "@QP" : "300",
      "@SC" : "Planejada",
      "@TC" : "Cenoura"
    }, {
      "@CP" : "0.8",
      "@CS" : "Boa",
      "@CT" : "400.0",
      "@DC" : "2024-12-26",
      "@DP" : "2024-10-16",
      "@LE" : "475.0",
      "@LR" : "75.0",
      "@PE" : "1.75",
      "@PM" : "Parcialmente Nublado",
      "@QP" : "500",
      "@SC" : "Planejada",
      "@TC" : "Tomate"
    }, {
      "@CP" : "0.7",
      "@CS" : "Excelente",
      "@CT" : "315.0",
      "@DC" : "2024-12-27",
      "@DP" : "2024-10-17",
      "@LE" : "180.00000000000006",
      "@LR" : "-134.99999999999994",
      "@PE" : "1.1",
      "@PM" : "Ensolarado",
      "@QP" : "450",
      "@SC" : "Planejada",
      "@TC" : "Alface"
    }, {
      "@CP" : "0.65",
      "@CS" : "Ma",
      "@CT" : "390.0",
      "@DC" : "2024-12-28",
      "@DP" : "2024-10-18",
      "@LE" : "179.99999999999997",
      "@LR" : "-210.00000000000003",
      "@PE" : "0.95",
      "@PM" : "Nublado",
      "@QP" : "600",
      "@SC" : "Planejada",
      "@TC" : "Batata"
    }, {
      "@CP" : "0.5",
      "@CS" : "Boa",
      "@CT" : "200.0",
      "@DC" : "2024-12-29",
      "@DP" : "2024-10-19",
      "@LE" : "320.0",
      "@LR" : "120.0",
      "@PE" : "1.3",
      "@PM" : "Ensolarado",
      "@QP" : "400",
      "@SC" : "Planejada",
      "@TC" : "Cenoura"
    }, {
      "@CP" : "0.55",
      "@CS" : "Excelente",
      "@CT" : "412.50000000000006",
      "@DC" : "2024-12-30",
      "@DP" : "2024-10-20",
      "@LE" : "487.49999999999994",
      "@LR" : "74.99999999999989",
      "@PE" : "1.2",
      "@PM" : "Geada",
      "@QP" : "750",
      "@SC" : "Planejada",
      "@TC" : "Milho"
    }, {
      "@CP" : "0.8",
      "@CS" : "Boa",
      "@CT" : "400.0",
      "@DC" : "2024-12-31",
      "@DP" : "2024-10-21",
      "@LE" : "400.0",
      "@LR" : "0.0",
      "@PE" : "1.6",
      "@PM" : "Ensolarado",
      "@QP" : "500",
      "@SC" : "Planejada",
      "@TC" : "Tomate"
    }, {
      "@CP" : "0.6",
      "@CS" : "Ma",
      "@CT" : "390.0",
      "@DC" : "2025-01-01",
      "@DP" : "2024-10-22",
      "@LE" : "162.5",
      "@LR" : "-227.5",
      "@PE" : "0.85",
      "@PM" : "Parcialmente Nublado",
      "@QP" : "650",
      "@SC" : "Planejada",
      "@TC" : "Batata"
    }, {
      "@CP" : "0.55",
      "@CS" : "Boa",
      "@CT" : "192.50000000000003",
      "@DC" : "2025-01-02",
      "@DP" : "2024-10-23",
      "@LE" : "244.99999999999997",
      "@LR" : "52.49999999999994",
      "@PE" : "1.25",
      "@PM" : "Ensolarado",
      "@QP" : "350",
      "@SC" : "Planejadas",
      "@TC" : "Cenoura"
    } ]
  }
}